ID,Actual,Predicted
1,169277.0524984,208502.82126248593
2,187758.393988768,176481.80629258457
3,183583.683569555,218358.6861419845
4,179317.47751083,160707.3142625204
5,150730.079976501,270657.54208233615
6,177150.989247307,153727.81683257932
7,172070.659229164,286249.9926167113
8,175110.956519547,214606.5091194139
9,162011.698831665,134851.87259245585
10,160726.247831419,124843.61205323145
11,157933.279456005,124962.93052255981
12,145291.245020389,346403.1023894237
13,159672.017631819,135766.7182924724
14,164167.518301885,234782.52096263095
15,150891.638244053,153754.92770109684
16,179460.96518734,136274.1850378506
17,185034.62891405,151247.42315617332
18,182352.192644656,98072.28766637052
19,183053.458213802,160859.72963522753
20,187823.339254278,130973.09860980566
21,186544.114327568,319736.57627175166
22,158230.77520516,132082.1641896963
23,190552.829321091,231097.0953159488
24,147183.67487199,135840.14186958005
25,185855.300905493,146989.74055607835
26,174350.470676986,246613.77324102874
27,201740.620690863,135227.71582160288
28,162986.378895754,303659.7696569302
29,162330.199085679,199044.71302434092
30,165845.938616539,67136.76873829112
31,180929.622876974,54880.61470243195
32,163481.501519718,142207.7222319954
33,187798.076714233,196019.06882114077
34,198822.198942566,173080.08796633544
35,194868.409899858,288790.6027473478
36,152605.298564403,304329.9723753165
37,147797.702836811,147737.28139944916
38,150521.96899297,156777.8130207078
39,146991.630153739,131005.21870960349
40,150306.307814534,80700.55122713487
41,151164.372534604,145117.62391514098
42,151133.706960953,169753.4499574156
43,156214.042540726,141748.81922092725
44,171992.760735142,130777.62210261522
45,173214.912549738,139428.91219359665
46,192429.187345783,295796.6885881264
47,190878.69508543,259032.42243563072
48,194542.544135519,241048.32672264596
49,191849.439072822,110215.08046041823
50,176363.773907793,129680.96084039776
51,176954.185412429,177365.62201308194
52,176521.216975696,120428.06544224192
53,179436.704810176,105758.56695140187
54,220079.756777048,383079.7416478253
55,175502.918109444,125577.04389719528
56,188321.073833569,163408.4916449965
57,163276.324450004,189262.4362395572
58,185911.366293097,193823.82116321573
59,171392.830997252,446092.6085295117
60,174418.207020775,119496.77821826517
61,179682.709603774,167940.84688115
62,179423.751581665,99990.3706454771
63,171756.918091777,200185.82660436354
64,166849.638174419,137089.1800643584
65,181122.168676666,237938.58194497623
66,170934.462746566,303565.4765807369
67,159738.292580329,202619.72777672554
68,174445.759557658,213228.80474980923
69,174706.363659627,77467.82266303508
70,164507.672539365,221718.1430395182
71,163602.512172832,251262.788511131
72,154126.270249525,128277.30924172013
73,171104.853481351,192373.83081956158
74,167735.39270528,142108.22982419305
75,183003.613338104,105355.93345567952
76,172580.381161499,94128.41022669966
77,165407.889104689,114809.85439925198
78,176363.773907793,121913.79030469805
79,175182.950898522,128949.3787696574
80,190757.177789246,109970.16855020034
81,167186.995771991,197964.58653999728
82,167839.376779276,165775.0654704894
83,173912.421165137,242500.63426593706
84,154034.917445551,122982.11006572047
85,156002.955794336,165777.8388952523
86,168173.94329857,262087.77639555716
87,168882.437104132,174548.0713611018
88,168173.94329857,170196.22838617585
89,157580.177551642,70395.6765765395
90,181922.15256011,121376.65513377765
91,155134.227842592,102913.09196057968
92,188885.573319552,111831.71629902885
93,183963.193012381,155321.06595592026
94,161298.762306335,150708.73565727772
95,188613.66763056,199412.39312327062
96,175080.111822945,178999.9374702492
97,174744.400305232,217832.21774189873
98,168175.911336919,116852.42658410617
99,182333.472575006,73804.91539858028
100,158307.206742274,133826.5098454519
101,193053.055502348,209973.08539550536
102,175031.089987177,168712.66168794536
103,160713.294602908,116602.13553356729
104,173186.215014436,192469.29731190545
105,191736.7598055,159684.33449479062
106,170401.630997116,261966.92143726116
107,164626.577880222,99746.13143241325
108,205469.409444832,92330.24179312431
109,209561.784211885,113700.7531007995
110,182271.503072356,201914.6148525788
111,178081.549427793,139013.49211869476
112,178425.956138831,170673.84699768227
113,162015.318511503,360136.3928670625
114,181722.420373045,212387.29844635172
115,156705.730169433,240338.41456821552
116,182902.420342386,172555.73987473513
117,157574.595395085,131663.87735025052
118,184380.739100813,148592.74154320807
119,169364.469225677,316154.57471857755
120,175846.179822063,174195.59986981875
121,189673.295302136,168788.31843297364
122,174401.317715566,93220.9021501228
123,179021.448718583,137334.21562185365
124,189196.845337149,156685.14638512302
125,139647.095720655,172534.931270797
126,161468.198288911,93760.92707029897
127,171557.32317862,129990.86604257207
128,179447.36804185,93968.1409274009
129,169611.619017694,143459.49595988705
130,172088.872655744,142568.96130152268
131,171190.624128768,226072.4177620284
132,154850.508361878,220254.7807529457
133,158617.655719941,143158.83565804525
134,209258.33693701,219530.69604634575
135,177939.027626751,178082.75909922627
136,194631.100299584,177784.46545487567
137,213618.871562568,139688.3265002651
138,198342.504228533,190323.66616530242
139,138607.971472497,231108.1007953632
140,150778.958976731,208741.1440995974
141,146966.230339786,111186.92368342559
142,162182.59620952,246886.2178522492
143,176825.940961269,148043.4860416063
144,152799.812402444,210001.53599352154
145,180322.322067129,130637.21522437771
146,177508.027228367,129956.94624002227
147,208029.642652019,106716.15106653926
148,181987.282510201,217078.27829172986
149,160172.72797397,143028.1662839243
150,176761.317654248,104599.88490788276
151,176515.497545231,134848.25032861743
152,176270.453065471,349142.771816622
153,183050.846258475,181473.32378728886
154,150011.102062216,225232.28547128744
155,159270.537808667,111525.20326707348
156,163419.663729346,81001.72512433292
157,163399.983345859,109818.2622654106
158,173364.161505756,262539.4162244872
159,169556.835902417,233396.27592594433
160,183690.595995738,306340.8292349844
161,176980.914909382,159247.06143057367
162,204773.36222471,411453.41764025757
163,174728.655998442,239768.39626342995
164,181873.458244461,94859.2125193271
165,177322.000823979,149212.2109322599
166,193927.939041863,134148.4292576106
167,181715.622732304,189284.83089382303
168,199270.841200324,342150.32397943793
169,177109.589956218,192516.6858328383
170,153909.578271486,237561.26623358324
171,162931.203336223,125329.09666422154
172,166386.7567182,207135.79398707484
173,173719.30379824,227546.5835947429
174,179757.925656704,158144.96339231447
175,179007.601964376,183167.0642738059
176,180370.808623106,224332.77472594316
177,185102.616730563,207011.80086953263
178,198825.563452058,167924.31631958365
179,184294.576009142,500498.6976694121
180,200443.7920562,112641.7589486865
181,181294.784484153,172105.6925318804
182,174354.336267919,184846.0339262459
183,172023.677781517,111767.21224305923
184,181666.922855025,215591.9812291679
185,179024.491269586,127929.12861786364
186,178324.191575907,466403.0093009602
187,184534.676687694,176482.9048555929
188,159397.250378784,128848.47071178404
189,178430.966728182,155721.50310326903
190,177743.799385967,279205.26371670444
191,179395.305519087,309244.7207028378
192,151713.38474815,175441.89000360225
193,151713.38474815,201750.83247772712
194,168434.977996215,142054.24730870113
195,153999.100311019,122589.75186395286
196,164096.097354123,153951.4092663606
197,166335.403036551,304378.26209489506
198,163020.725375757,243337.32275224244
199,155862.510668829,117064.15693780943
200,182760.651095509,296866.933641976
201,201912.270622883,141292.2030957442
202,185988.233987516,165938.4818721419
203,183778.44888032,113845.2305817705
204,170935.85921771,141014.27861840962
205,184468.908382254,110565.5126486988
206,191569.089663229,177706.7338964336
207,232991.025583822,138711.01202372395
208,180980.721388278,141233.66219311464
209,164279.13048219,257092.61080469858
210,183859.460411109,150341.5665598825
211,185922.465682076,94942.34186949181
212,191742.778119363,172188.850686556
213,199954.072465842,251322.69933287907
214,180690.274752587,154473.49929127263
215,163099.3096358,148897.9278432405
216,140791.922472443,140583.77344777592
217,166481.86647592,210031.61944941065
218,172080.434496773,84662.78250353236
219,191719.161659178,280207.55554404255
220,160741.098612515,176655.6027995561
221,157829.546854733,205681.46226809244
222,196896.748596341,204761.41244104056
223,159675.423990355,173637.83872040585
224,182084.790901946,112417.49462092429
225,179233.926374487,398578.3124568438
226,155774.270901623,99903.52012055342
227,181354.326716058,274717.3406396929
228,179605.563663918,96938.95187173098
229,181609.34866147,119092.45935194302
230,178221.531623281,186442.39784926997
231,175559.920735795,140021.34565285553
232,200328.822792041,396767.7070477342
233,178630.060559899,95942.67818687607
234,177174.535221728,130309.15531833454
235,172515.687368714,210530.6101096371
236,204032.992922943,84999.82394989322
237,176023.232787689,185035.14736639493
238,202202.073341595,207494.60989637396
239,181734.480075862,279901.37116799876
240,183982.158993126,118462.3482171538
241,188007.94241481,269525.7946051746
242,185922.966763517,98475.77946287024
243,183978.544874918,76316.71124387986
244,177199.618638821,131504.08097307704
245,181878.647956764,240742.89570065797
246,173622.088728263,238361.11258077875
247,180728.168562655,134645.7279466404
248,176477.026606328,150486.8763563548
249,184282.266697609,189178.20440999742
250,162062.47538448,275704.83399101294
251,182550.070992189,74673.97974550631
252,180987.949624695,257400.8636461875
253,178173.79762147,168150.65574266223
254,179980.635948606,164178.05529881327
255,173257.637826205,151734.7459469189
256,177271.291059307,235833.9194017443
257,175338.355442312,196448.7441610164
258,177548.140549508,232053.8156465811
259,175969.91662932,220295.75702021382
260,175011.481953462,103992.27046276774
261,185199.372568143,178057.51250689867
262,188514.050228937,304976.94887577085
263,185080.145268797,157329.14042760516
264,157304.402574096,119554.4060357839
265,194260.859481297,76571.02782096172
266,181262.329995106,179918.86868894502
267,157003.292706732,186129.1062735788
268,182924.499359899,175411.0762501001
269,181902.586375439,116888.1798244423
270,188985.371708134,159214.4130612729
271,185290.904495068,270445.0277414076
272,177304.425752748,238175.8956725338
273,166274.900490809,284582.54732832225
274,177807.420530107,156473.79748129065
275,180330.624816201,134372.71274553772
276,179069.112234629,191808.67874549673
277,175943.371816948,211156.09446407505
278,185199.050609653,119763.1935898409
279,167350.910824524,411894.8690678417
280,149315.311876449,211746.7165204134
281,139010.847766793,219813.54952864238
282,155412.151845447,184017.80532475014
283,171308.313985441,220187.0340784219
284,176220.543265638,240661.90338442178
285,177643.434991809,180120.34219148709
286,187222.653264601,162142.41281783636
287,185635.132083154,176034.49962473536
288,206492.534215854,97349.9476921013
289,181681.021081956,117512.68579786656
290,180500.198072685,144828.9804686017
291,206486.17086841,242461.79209443493
292,161334.301195429,133139.62931758823
293,176156.558313965,138522.44178281748
294,191642.223478994,249755.42000457854
295,191945.808027777,165937.24215817213
296,164146.306037354,142442.60548438778
297,179883.057071096,137487.57519674013
298,178071.137668844,232607.40484480097
299,188241.637896875,174025.039988265
300,174559.656173171,167279.30644917663
301,182347.363042264,167736.32685955838
302,191507.251872857,278014.83749563916
303,199751.865597358,219346.30576730944
304,162106.416145131,136066.46365286803
305,164575.982314367,286618.32675140724
306,179176.352180931,311710.5169677089
307,177327.403857584,224451.95719854673
308,177818.083761781,102343.43694103554
309,186965.204048443,104461.1777530204
310,178762.742169197,348927.9556690809
311,183322.866146283,177235.91613172827
312,178903.295931891,131651.49064946486
313,186570.129421778,129513.55422322158
314,199144.242829024,358963.02587364847
315,172154.713310956,169464.777960664
316,177444.019201603,181464.0993395252
317,166200.938073485,252257.97883817367
318,158995.770555632,263498.1860150079
319,168273.282454755,280448.571911914
320,189680.453052788,203550.21465076963
321,181681.021081956,356327.4535126135
322,160277.142643643,339558.3571262302
323,197318.54715833,285936.7180336994
324,162228.935604196,129205.57161797902
325,187340.455456083,250185.4792910194
326,181065.347037275,88190.747524862
327,190233.609102705,322091.45733553224
328,157929.594852031,146621.04732267585
329,168557.001935469,186736.64346174596
330,160805.584645628,82222.58821048526
331,221648.391978216,134652.7086087234
332,180539.88079815,134558.99578899847
333,182105.616283853,299526.7336496371
334,166380.852603154,198386.91473325496
335,178942.155617426,198596.19870076247
336,162804.747800461,237022.8173378955
337,183077.684392615,366412.0187674913
338,171728.4720292,221251.0419495951
339,164786.741540638,205757.61137155624
340,177427.267170302,153143.4299879684
341,197318.54715833,221369.79282315617
342,178658.114178223,83819.12205171493
343,185437.320523764,89561.63655763993
344,169759.652489529,277249.9920652051
345,173986.635055186,87802.20738620065
346,168607.664289468,139714.56375306155
347,194138.519145183,143790.6201995794
348,192502.440921994,171693.0109978165
349,176746.969818601,175583.03870539417
350,177604.891703134,459219.64825313597
351,193283.746584832,306960.4217683961
352,181627.061006609,206940.92486200057
353,169071.62025834,96125.81433390867
354,167398.006470987,110317.84725843542
355,150106.505141704,146577.63087301436
356,159650.304285848,170312.98534828797
357,179471.23597476,167809.390911731
358,177109.589956218,140249.71368415913
359,166558.113328453,124004.40750647774
360,153796.714319583,279213.42364449316
361,174520.152570658,150295.5179420084
362,196297.95829524,135489.06413310708
363,169100.681601175,193261.6606553539
364,176911.319164431,111316.77130823783
365,169234.6454828,183050.24748637757
366,172386.297919134,130061.16567746857
367,156031.904802362,162995.163032921
368,168202.892306596,155481.9867573041
369,166505.984017547,143974.74633924747
370,176507.37022149,155873.0777226677
371,180116.752553161,176076.2103273189
372,183072.740591406,112707.72188908322
373,189595.964677698,121574.16737299085
374,167523.919076265,124594.95591984947
375,210817.775863413,207144.99277739224
376,172942.930813351,71364.56125323515
377,145286.278144089,135074.52661564233
378,176468.653371492,317276.3830495958
379,159040.069562187,391221.5077409754
380,178518.204332507,183118.84665821813
381,169163.980786825,137369.635376827
382,189786.685274579,203357.33699234866
383,181246.728523853,205921.79225527722
384,176349.927153587,81867.48911479443
385,205266.631009142,248645.27157035982
386,187397.993362224,188089.63307488646
387,208943.427726113,82559.9976953963
388,165014.532907657,132369.43384222838
389,182492.037566236,189567.88019259248
390,161718.71259042,422602.0544013978
391,180084.118941162,120242.4191373105
392,178534.950802179,222689.10563357326
393,151217.259961305,111686.83143741783
394,156342.717587562,95245.04107524849
395,188511.443835239,110145.77250943553
396,183570.337896789,134536.07222900912
397,225810.160292177,124487.10959656665
398,214217.401131694,156267.11847119787
399,187665.64101603,64647.386419827475
400,161157.177744039,214592.33128197986
401,187643.992594193,238315.80585860866
402,228156.372839158,186211.36616640605
403,220449.534665317,106840.97132870661
404,220522.352084222,257037.63194191374
405,156647.763531624,170977.40638146517
406,187388.833374873,153294.52104340834
407,178640.723791573,111611.08561227823
408,180847.216739049,174197.45870659206
409,159505.170529478,275605.3113849043
410,164305.538020654,324386.4139985044
411,180181.19673723,78086.94887297269
412,184602.734989972,151922.98424061105
413,193440.372174434,233136.869789781
414,184199.788209911,106632.40136255344
415,196241.892907637,242786.2341157391
416,175588.618271096,191512.21414358533
417,179503.046546829,154548.87395321115
418,183658.076582555,243888.44954137047
419,193700.976276404,119465.11666216122
420,165399.62450704,138318.00087894153
421,186847.944787446,208856.50745685823
422,198127.73287817,206179.48487760985
423,183320.898107934,117548.94380073021
424,181613.606696657,322086.17934340227
425,178298.791761954,139050.1468664866
426,185733.534000593,131113.44065169067
427,180008.188485489,261065.79509633395
428,175127.59621604,111465.10147562997
429,183467.176862723,188364.00469289787
430,182705.546021743,180767.4639711396
431,152324.943593181,90861.97145438049
432,169878.515981342,105186.13625822206
433,183735.975076576,127118.79377201825
434,224118.280105941,175329.39995898557
435,169355.202465146,84965.31087789945
436,180054.276407441,202494.44728597236
437,174081.601977368,109985.30541259964
438,168494.985022146,116740.18463994391
439,181871.598843299,95557.32495772146
440,173554.489658383,127573.64035234014
441,169805.382165577,557197.1450161726
442,176192.990728755,110632.6071417669
443,204264.39284654,151796.9776752934
444,169630.906956928,183733.1109183939
445,185724.838807268,220659.64975380685
446,195699.036281861,151225.521976274
447,189494.276162169,202234.59343317072
448,149607.905673439,203294.60155090626
449,154650.199045978,125045.89513130585
450,151579.558140433,118401.5814136709
451,185147.380531144,107787.62351361541
452,196314.53120359,268471.9012473742
453,210802.395364155,199517.7258480282
454,166271.2863726,220722.32728992487
455,154865.359142973,164304.16976984468
456,173575.5052865,177839.05852121217
457,179399.563554274,95305.0389511051
458,164280.776562049,240781.6010584379
459,171247.48948121,168463.03731283656
460,166878.587182445,111392.32993814046
461,188129.459710994,254488.96339383768
462,183517.34369691,148361.42078758197
463,175522.026925727,114412.95485757294
464,190060.105331152,186268.9801379043
465,174179.824771856,120178.95979362381
466,171059.523675194,181541.20224476946
467,183004.186769318,175918.94173802214
468,183601.647387418,150234.53432696735
469,163539.327185998,244273.79993984257
470,164677.676391525,180406.29950526045
471,162395.073865424,210268.52441128308
472,182207.6323195,193031.33841618872
473,192223.939790304,140952.88077605248
474,176391.829390125,405368.3921907791
475,181913.179121348,252088.2187532561
476,179136.097888261,134566.76294582943
477,196595.568243212,210716.53646825659
478,194822.365690957,390733.00535487296
479,148356.669440918,309670.20510034
480,160387.604263899,110187.29197390167
481,181276.500571809,331217.0615836185
482,192474.817899346,356846.4203584522
483,157699.907796437,166232.63384640843
484,215785.540813051,160718.97290644122
485,181824.300998793,131495.05544071758
486,221813.00948166,148151.6582488297
487,165281.292597397,147469.04150821615
488,255629.49047034,175968.19642021533
489,173154.590990955,141198.46297571374
490,183884.65246539,99472.01812242428
491,200210.353608489,110327.96939380077
492,186599.221265342,143905.75886616705
493,192718.532696106,174887.05627956608
494,178628.665952764,150779.47075074853
495,180650.342418406,91181.15941631499
496,206003.107947263,39610.542959635604
497,166457.67844853,420469.00035496854
498,202916.221653487,180156.30578541072
499,192463.969983091,128485.6807214676
500,171775.497189898,129080.8371342199
501,175249.222149411,107509.34065730566
502,147086.59893993,216215.80767565087
503,149709.672100371,138595.26099331345
504,171411.404533743,277540.7886491726
505,178188.964799425,148052.73793449826
506,156491.711373235,119858.8598164076
507,180953.241201168,212894.0963888109
508,203909.759061135,184874.54351845605
509,175470.149087545,149528.71052398576
510,205578.333622415,135393.4384884887
511,199428.857699441,163138.75218240832
512,187599.163869476,197186.22810830586
513,192265.198109864,125790.39094015748
514,196666.554897677,143256.27787286846
515,155537.862252682,101167.56429582748
516,169543.240620935,406667.3500450017
517,202487.010170501,159785.56657726108
518,208232.716273485,263316.4290219245
519,173621.195202569,203604.80089616647
520,172414.608571812,242311.83106710945
521,164400.75641556,102567.72021340622
522,160480.424024781,156864.91350827512
523,156060.853810389,155888.85107322273
524,157437.192820581,679686.6330563554
525,158163.720929772,289871.5953370333
526,154849.043268978,188269.5247703446
527,152186.609341561,137668.32636888657
528,180340.215399228,457412.86268016585
529,178344.62451356,93761.45685637077
530,190170.382266827,204636.96800674452
531,168092.975480832,185708.4684356104
532,178757.912566805,126356.35455907458
533,174518.256882082,110105.68103318036
534,198168.490116289,43856.550601237366
535,176882.693978902,201164.38524837478
536,183801.672896251,123682.04650491058
537,196400.046680661,196029.57787958748
538,172281.605004025,124061.31590422257
539,196380.366297173,141924.7047561105
540,198228.354306682,258932.0240143377
541,195556.581268962,333256.8783606764
542,186453.264469043,249491.4362576636
543,181869.381196234,218118.97087043241
544,175610.840124147,135582.8176307314
545,183438.730800145,191772.2488909598
546,179584.488673295,238681.5622812332
547,182386.152242034,192984.43353054603
548,160750.367237054,124962.96831298996
549,182477.505046008,124006.51453639503
550,187720.359207171,245562.78396835353
551,187201.942081511,140106.2451952437
552,176385.102235149,114242.12774357517
553,175901.787841278,271324.0053205952
554,182584.280198283,107347.75650412413
555,195664.686104237,266658.66407557507
556,181420.346494222,110561.04144379539
557,176676.04995228,144255.58681391325
558,181594.678867334,110850.10535097499
559,178521.747964951,197116.0681387436
560,175895.883726231,195386.2685269138
561,168468.005916477,155916.33370727405
562,200973.129447888,155233.5199108356
563,197030.641992202,119845.70166798323
564,192867.417844592,178723.4313967869
565,196449.247639381,262222.1436214614
566,141684.196398607,125624.4094150058
567,153353.334123901,321700.5064984714
568,151143.549016705,202564.76318904955
569,163753.087114229,305645.2496165466
570,158682.460013921,138792.99463407096
571,144959.835250915,142221.2515451983
572,160144.390548579,126614.3526628039
573,156286.534303521,222588.13130667145
574,165726.707619571,164837.83480859344
575,182427.481047359,130363.60313157197
576,173310.56154032,116356.33643552686
577,173310.56154032,157766.46402017996
578,151556.01403002,157824.31256640932
579,158908.146068683,146517.8993838412
580,209834.383092536,129835.61055273247
581,192410.516550815,182696.89272964463
582,174026.247294886,266980.91576964204
583,195499.830115336,121401.97633524761
584,200918.018812493,328341.51017839427
585,207243.616023976,132749.89618447286
586,196149.783851876,368093.71026951424
587,192097.914850217,123241.0283895667
588,178570.948923671,132898.4308124848
589,228617.968325428,166648.52816108963
590,199929.884438451,97261.496442756
591,160206.365612859,185384.57978079736
592,179854.431885567,456491.0476487973
593,185987.340461822,135532.94885910462
594,161122.505607926,138878.48584951996
595,175949.342720138,116976.86076280076
596,183683.590595324,335134.8775107325
597,176401.34762338,114099.81283611273
598,205832.532527897,182689.47681960202
599,177799.799849436,205047.8769710492
600,167565.362080406,156072.68541467542
601,186348.958436557,258363.73915558195
602,179782.759465081,131581.78768395292
603,169837.623333323,219970.75429253542
604,178817.275675758,149634.3577194073
605,174444.479149339,223345.30975627594
606,192834.968917174,205370.0240030528
607,196564.717984981,151052.48074491703
608,206977.567039357,206751.48622261663
609,157054.253944128,352570.66444446775
610,175142.948078577,121502.54829245957
611,159932.1643654,323809.77089529426
612,182801.408333628,157465.76968769246
613,181510.375176825,269835.71884965006
614,181613.035129451,133417.6734696382
615,186920.512597635,77587.57132439612
616,157950.170625222,136483.49086112733
617,176115.159022876,182673.22910992877
618,182744.514344465,109997.70383065329
619,180660.683691591,318477.0473667632
620,160775.629777099,323098.0394758827
621,186711.715848082,67106.88889365958
622,223581.758190888,238320.96914647752
623,172330.943236652,129806.70851109477
624,163474.633393212,172273.64115789413
625,175308.263299874,160932.48091997515
626,187462.725306432,148438.95703834243
627,180655.101535034,131027.89433673087
628,152121.98603454,154679.43695007716
629,159856.233909727,158029.129135884
630,186559.854936737,166943.6704786212
631,183962.550959411,117308.06957485105
632,162107.168699296,225888.2099257862
633,162582.288981283,128074.11635165616
634,154407.701597409,144046.4747414057
635,181625.666399474,146241.9416045729
636,164810.609473548,192916.70275743064
637,176429.401241704,59038.67757766032
638,179188.089925259,102103.51400034604
639,145997.635377703,94398.433503859
640,218676.768270367,273868.95577603736
641,188323.861214226,277286.8204726166
642,168690.0722914,237763.1259064448
643,165088.746797705,353433.43318670936
644,191435.007885166,152896.98103696754
645,168864.404664512,359321.7323576946
646,176041.882371574,140248.10501768344
647,215911.674390325,100642.91369359268
648,167388.238629016,142060.72230511912
649,163854.786753017,165204.68167263505
650,163299.477980171,77978.51342554853
651,178298.214633119,199692.78000793364
652,176376.586164775,113092.588343951
653,170211.043976522,193360.06560886584
654,170818.344786366,125275.37443529665
655,174388.867432503,367550.4636739163
656,161112.987374671,92200.32073530438
657,172179.082325307,151119.78545962542
658,157798.309713876,157731.15262891405
659,169106.151422924,115598.98441489003
660,170129.531364292,162472.0556545242
661,157680.227412949,199630.7692751327
662,162690.209131977,395060.6659280759
663,146968.379365095,125555.93162738527
664,181507.721372455,143823.91835682007
665,191215.589752983,415215.36834425695
666,189432.689844522,245595.96033050693
667,207271.484957719,144940.6365675517
668,170030.807488363,198783.08386122572
669,148409.806476335,168075.8955433757
670,193850.613979055,125573.57922047412
671,193808.319298263,176520.82010895928
672,166300.235380627,116297.13713678837
673,163474.633393212,167286.63361986665
674,177473.606564978,246414.58104649332
675,157443.925537187,143413.87705750784
676,180681.007992057,151389.4347461894
677,183463.17030026,97184.28170132179
678,182481.763081195,109303.40815558528
679,193717.15117887,367988.9360249529
680,182782.55099007,124775.24824404887
681,175530.651633287,129961.81215693573
682,177804.057884623,131571.35214530633
683,159448.670848577,176071.2001064698
684,181338.976717529,272849.87585338514
685,178553.558537021,222844.0209557458
686,162820.928264556,209411.7087175658
687,188832.479997186,216727.21909574204
688,164682.185899437,152590.17079680672
689,181549.735943801,362587.7750727479
690,199158.097008868,180641.70280839055
691,152889.520990566,149967.06472986913
692,181150.551679116,736903.849018007
693,181416.732376013,303688.0092933878
694,164391.238182305,105781.95212010112
695,185421.046498812,127821.71281877538
696,193981.327550004,179723.67197285974
697,178824.324789223,92035.3073660071
698,209270.051606246,121815.44434039248
699,177801.266806344,139232.21427352706
700,179053.762236101,187334.6585466545
701,178762.170601992,305251.4204597374
702,184655.300458183,149885.46405330952
703,191284.655779772,345282.5717566826
704,179598.085818785,145869.3625525422
705,167517.628078595,211406.05638968636
706,182873.903794044,61187.65543924826
707,177484.91371363,296498.34147833503
708,188444.597319524,224824.85348956453
709,179184.153848562,179145.36479344303
710,184365.175780982,116942.40169773174
711,184479.322005212,66605.6267832584
712,182927.863869391,97189.62724115477
713,178611.639373646,194047.40215702352
714,181943.343613558,117103.32985717291
715,175080.614768394,149674.9224455188
716,190720.794649138,141997.2260041741
717,198422.868144723,183613.52095551672
718,184482.11308349,151732.6931799308
719,139214.952187861,326781.5148344249
720,169233.113601757,135255.0460230562
721,180664.118686848,268143.1206614668
722,178818.742632666,140352.4139818996
723,180422.049969947,116375.71891496974
724,178601.93645581,131990.1055049532
725,183083.159775993,320218.72103925317
726,173163.101499699,117956.82054619552
727,185968.161159774,227424.49064064625
728,171226.050683054,189799.48758135075
729,281643.976116786,139443.19230392738
730,160031.711281258,93386.79269437144
731,162775.979779394,248533.10580991697
732,160735.445970193,177207.46711366848
733,166646.109048572,235507.45808907648
734,188384.548444549,129730.38292467892
735,165830.697255197,111116.60006500046
736,182138.358533039,167953.61286069857
737,171595.397975647,87371.00458734269
738,160337.079183809,225241.66719580055
739,191215.088671543,163968.61657195064
740,166956.093232213,197343.4127394592
741,186581.830878692,119233.37770231142
742,176450.548582099,143275.18355713703
743,193743.194909801,181188.7400313428
744,198882.566078408,158270.21424735308
745,176385.102235149,199045.24845931694
746,162447.639333636,308431.09343990573
747,193782.555676777,240159.97718986822
748,183653.890897141,266397.43080284656
749,210578.623546866,244570.02455757465
750,158527.164107319,77954.89192180612
751,163081.025723456,98181.51301692457
752,174388.867432503,161473.53204108292
753,191905.870131966,202053.86010860562
754,174388.867432503,266992.54276964394
755,161642.711648983,146456.6003027716
756,186939.507215101,168058.8954073311
757,172482.165792649,207386.94871874317
758,159695.999763546,158057.10069618348
759,157230.369671007,168059.8914718083
760,179188.089925259,299142.3254119999
761,157972.82120994,128836.49997283533
762,156804.951429181,107820.16270692325
763,211491.972463654,209699.71770960136
764,186537.246201062,328292.4126666273
765,200468.161070551,266750.6115901677
766,182241.340444154,277345.611499448
767,157342.225898399,193326.86936483654
768,182022.387105998,167120.53338681432
769,181244.510876788,220486.61470873826
770,178556.671573788,543484.9533990998
771,189547.199876284,134650.28335480913
772,187948.65165563,113245.0006633386
773,194107.287565956,131559.97108210434
774,183521.710369283,120404.62337425518
775,183682.123638416,372801.92288826074
776,178483.353073443,165027.8065770701
777,184003.879764736,227943.63652675992
778,171318.59033449,142554.21328985423
779,162039.754313997,129696.35850916177
780,154846.252190699,141482.72532045067
781,194822.365690957,175956.46647704433
782,169788.738771463,171165.638138144
783,178891.554489941,190264.49856627523
784,152084.772428865,151692.36738041582
785,139169.86642879,129948.44042651844
786,192439.536044606,161385.38403390296
787,161067.859766557,127369.05665993258
788,158762.648504781,242651.98688778133
789,175569.690441774,107323.13513182619
790,183659.795012187,197825.25451415885
791,280618.132617258,160778.21154933792
792,180051.809151659,144521.35835169442
793,176519.18031559,253372.75805047838
794,179028.429210291,221749.99379106794
795,177161.583857224,197754.19286539324
796,180081.508849842,169950.06426203155
797,205895.254584712,131755.22082380988
798,183389.78131415,107220.26202876681
799,178543.647859512,491192.61825877335
800,194798.320499104,159675.69812024146
801,162845.613675766,203831.35413298878
802,148103.867006579,121778.78600421111
803,201016.171121215,189967.8614429141
804,277936.12694354,565557.1810252948
805,249768.279823405,118808.04402355153
806,161596.052159825,219646.149349537
807,158011.114889899,127532.99845107035
808,194089.683858004,224913.24019758272
809,181733.336941451,147930.64550473267
810,182852.32772198,109729.93648312916
811,189893.003058465,175159.52815055632
812,194650.210979875,149584.7947444718
813,187904.461286262,68895.31737189989
814,171774.925622692,155063.64344119868
815,177998.685921479,117963.97559631684
816,175648.484325498,213972.50625607837
817,196918.071362067,136117.24466093912
818,184299.838071218,268017.61294014356
819,182379.855682734,148351.468763739
820,184050.725802482,225395.9899239799
821,158296.975970284,182603.79756480592
822,175053.355553278,85483.73750345812
823,162293.376090644,201208.51284952668
824,186328.880047186,140920.69249344378
825,151422.116936538,231706.3271626006
826,181969.358707768,396426.7182998716
827,189122.67702416,96782.62485594954
828,185645.475220346,191298.68184959362
829,182829.898109257,188887.4088942945
830,195848.788183328,151761.82957978288
831,198785.059550672,168506.0432476025
832,181676.126555428,150668.26662158393
833,194131.012663328,225404.4290569288
834,201416.004864508,161526.81348159135
835,185096.577205616,136449.00466971617
836,195158.972598372,137083.41539998335
837,184795.783735112,147307.1852804283
838,189168.263864671,101402.78470621536
839,216855.260149095,144458.08418313708
840,184946.642483576,122462.27552144276
841,189317.51282069,134325.84124448273
842,180803.277842406,141814.357221153
843,175061.18585763,166600.70880407377
844,179074.839090732,122198.88659776394
845,145708.764336107,152394.93075082384
846,142398.022752011,172092.78560073042
847,161474.534863641,210472.30258274102
848,157025.945155458,139222.70687641363
849,163424.037827357,237276.2755446862
850,164692.778645345,177895.23322174084
851,152163.2443541,137693.30533014418
852,192383.215486656,196636.06776278248
853,182520.230322476,169187.48291979777
854,187254.507549722,173297.5704392653
855,176489.659740359,169851.69872485884
856,181520.466841293,146391.87113941615
857,186414.978214721,147579.7416440144
858,185197.764639705,168178.55783606376
859,178657.794083741,147311.19779863217
860,179731.198023759,249556.1186701237
861,161748.271317074,180245.60096590628
862,158608.749069322,133446.94120241204
863,178807.370559878,142681.44901215594
864,184187.158803897,142213.0506518161
865,181686.10402108,219528.74565256128
866,190311.050228337,132986.2237405179
867,192252.496354076,252346.0539541368
868,193954.849525775,137297.4502338334
869,181044.201560887,156348.00217019444
870,180258.131219792,228211.06907501194
871,199641.657313834,100458.86281165398
872,197530.775205517,181646.36158275895
873,191777.196949138,119311.46095577987
874,195779.543033588,138520.12727351955
875,202112.046522999,80717.86454312471
876,192343.34807661,326255.55782104156
877,185191.359443218,146117.626928775
878,186760.207965688,344894.0102800689
879,177733.78193528,145975.5601405022
880,164430.391189608,140110.95277849177
881,185299.601552401,164486.8260626085
882,186414.012339254,207449.3640791087
883,176401.921054593,172642.9453144894
884,182381.322639642,115419.2199801187
885,176334.184710805,120068.35834968368
886,184901.735847457,313877.0191995473
887,180085.766885029,147203.74996315592
888,184901.735847457,142613.9983306056
889,183967.561548763,287203.5876563718
890,193046.301574659,157077.06759707406
891,168538.969495849,120437.85956484963
892,170157.842016969,172114.60470887978
893,196559.709259637,143517.04525541404
894,177133.709361852,156425.4975040348
895,181553.279576244,116602.13553356729
896,185770.606634739,169729.60197256037
897,177017.595099274,93187.453928364
898,184123.358536806,135738.74170312306
899,165970.357492196,595093.6892529093
900,158151.985049452,137189.9096212531
901,177086.476441481,112734.25493736507
902,196373.896176551,145681.03586653038
903,172465.707083115,178859.06532995327
904,168590.782409896,241294.3554392378
905,158820.474171061,121512.26885514465
906,151611.37057651,127991.23549202249
907,152125.028585543,249674.99589008655
908,158404.073081048,261692.0153619898
909,160692.078640755,131225.7123024785
910,170175.22684199,182155.64387626186
911,169854.436591138,147421.10982385676
912,183410.785819008,147899.60638020956
913,180347.194026928,99994.32416157634
914,178930.528374292,149444.53684812755
915,153346.220086301,171366.8221687748
916,182675.204270589,84694.19844761216
917,180770.649792036,39741.22821728212
918,188714.148087543,140376.34459900807
919,191393.608594076,250250.50764038644
920,174016.157494425,172067.70266247814
921,183189.685319552,191561.09288362207
922,183621.508757866,156858.26706155227
923,168991.29635758,175470.10835033978
924,185306.650665866,191789.35116941025
925,189030.680303208,198327.65109377325
926,179208.665698449,162008.6891559031
927,174901.452792889,286492.91650406044
928,168337.406544343,185913.5075660716
929,158234.96461859,247141.7876204767
930,179562.453368834,237581.4082773973
931,174176.391640607,212214.72164131035
932,173931.531845427,123925.35135922779
933,184111.729429665,306974.4859973852
934,179374.482001188,193364.83031509942
935,207348.811884535,243010.72085463378
936,186983.419339031,85064.2415170223
937,206779.094049527,183618.02202190366
938,177472.074683935,241172.08625135152
939,156727.948324862,246143.49862238043
940,157090.568462479,242283.31617497516
941,160387.032696693,169750.26763025846
942,172410.28005086,233062.863858448
943,191603.365657467,141626.6158428095
944,182152.207151253,139126.99780381878
945,180161.697340702,145447.57082567166
946,169652.235284283,135398.8243344238
947,182503.520140218,142511.5917160792
948,179714.630677039,272897.0792865673
949,180282.570719908,203440.25580843491
950,192600.338060371,180691.28575720155
951,166115.491248565,134930.07299495552
952,186379.553524443,118195.77592689081
953,184361.992258449,125747.9518765485
954,186220.965458121,159826.79347494495
955,198176.47090687,136267.2815570711
956,168437.776500131,161815.3079142233
957,178003.582312015,125405.42849461047
958,179180.469244588,125206.26520629723
959,191930.561104806,192713.11763263342
960,175590.266214964,163190.52165347472
961,176713.19307219,127419.4797015421
962,180159.090947005,264537.6833691283
963,188090.100808026,158972.46024844132
964,186184.717727913,264251.5941326304
965,223055.588672278,215044.15861668956
966,158270.753116401,174178.61330181564
967,184733.12846644,159207.40458548107
968,199926.378957429,140828.5859360875
969,175075.785166001,53879.517557783285
970,180917.925148076,130675.72804715022
971,182067.760625207,87330.48387709989
972,178238.60191545,165166.96588086968
973,173454.944606532,123714.41377697387
974,176821.936262814,202932.32546090407
975,183642.191304235,181780.12347052712
976,177254.582741058,166773.2549002842
977,168715.950111702,84068.98659415115
978,180096.931198144,206453.93023097652
979,160620.728178758,107979.69889182567
980,175286.544392273,135260.95011206175
981,153494.783276297,173853.3467503746
982,156407.65915545,321950.3342232367
983,162162.525245786,173994.66029485533
984,166809.886827197,255758.13391970645
985,172929.156408918,127048.34674405573
986,193514.330894137,120721.12039890041
987,181612.141603756,120954.12671406416
988,191745.386377068,408305.0604547377
989,171369.325038261,186012.0540594931
990,184425.470567051,191438.6311168047
991,170563.252355189,325132.3174970394
992,184522.369240168,168979.82421668456
993,164968.947931153,198383.22685690585
994,157939.621592364,172242.12604189492
995,151520.381580069,338440.2353601595
996,176129.508722531,117848.78875364701
997,171112.978971478,135418.45808990486
998,169762.081624282,165434.76385568362
999,162246.828936295,91507.40294997602
1000,171339.303381589,187648.72365369322
1001,189034.753653813,76802.918490972
1002,175758.873595981,81330.02947402197
1003,163351.721489893,242887.2276814107
1004,189806.546645026,138681.05816671785
1005,175370.990918319,182773.8027467685
1006,196895.599900301,140046.7377499
1007,176905.917994834,170169.2436517732
1008,176866.557227858,85541.58353589651
1009,163590.677170026,240066.86698618904
1010,212693.502958393,98737.76806979765
1011,192686.931747717,128018.47790803862
1012,181578.684951827,98636.0560037565
1013,166475.457581812,163144.81775670504
1014,185998.255166219,90732.96310260687
1015,185527.714877908,117824.6819248561
1016,159027.118197683,213909.64837593926
1017,181169.654933769,229704.85070336823
1018,176732.915304722,190487.686013258
1019,191619.294648838,162452.17091553376
1020,189114.303789324,194069.38887446327
1021,180934.635330334,165205.44622393497
1022,164573.372223048,189696.15892409912
1023,173902.011270196,104879.66445367374
1024,165625.127741229,186117.93696747904
1025,179555.219570787,300766.90318259696
1026,196899.720661579,119470.85516733168
1027,207566.12470446,147628.12186612122
1028,163899.981149274,309767.03623241064
1029,189179.428177786,122686.57227295479
1030,193892.880023125,114391.64998870702
1031,178980.874331431,146219.87411276065
1032,179749.876244365,209060.3925444388
1033,197999.674975598,320080.4545747269
1034,203717.470295797,226309.27592755144
1035,185249.261156892,124939.89175048523
1036,201691.208274848,83237.6142938573
1037,181956.548314794,324409.3233212888
1038,171895.936275806,264797.67671916884
1039,187245.168439419,105496.0456849918
1040,157816.77461318,81378.180843266
1041,191702.912573325,156654.4910292721
1042,198599.420028908,161127.64477065744
1043,187193.313676329,184639.37839067276
1044,220514.993999535,266102.07291561883
1045,181814.527595192,282018.50605963
1046,183750.755371907,134551.8697636802
1047,183000.431679579,536900.8336717933
1048,185830.971906573,137899.08964288744
1049,185497.872344187,130346.40054346074
1050,179613.437681321,91457.81614056921
1051,164454.967963631,187881.26079133747
1052,185127.237217638,193176.8657782275
1053,178750.613844623,165340.38826940782
1054,160927.61044889,144234.08612392485
1055,192562.808057836,268564.6045215642
1056,180990.24148554,163647.47161990093
1057,180064.941503122,203040.97987469463
1058,196070.997393789,232740.7685105284
1059,180352.919019023,339219.7368812662
1060,183367.953769362,205450.03572741168
1061,176734.841494027,200182.28584860452
1062,180848.220765939,86223.7509758058
1063,187806.059368823,104124.55997957055
1064,180521.52640004,124156.55124736128
1065,181502.754496154,153837.79118537362
1066,174525.87942676,291744.224490121
1067,188927.984063168,176450.2936371714
1068,184728.870431253,173937.14018936257
1069,179857.975518011,153051.95917043282
1070,180962.868071609,128563.38241630975
1071,179194.066390078,131039.39833180646
1072,179591.789259484,153240.05985534668
1073,180638.463702549,106525.08770177931
1074,185846.215131922,152660.73544141935
1075,195174.031139141,192161.835119624
1076,192474.56829063,202886.8839750551
1077,164200.595496827,159395.5427675457
1078,178403.094096818,133777.37129336823
1079,170774.84018302,142826.83871743258
1080,179879.945898337,132855.18791460997
1081,177668.192752792,166681.73270748262
1082,180174.328610725,133515.3111139194
1083,170643.303572141,190290.32692329556
1084,165448.004289838,151048.66110057352
1085,195531.754886222,185921.21340944854
1086,165314.177682121,147759.25586847376
1087,172532.757660882,96720.07790483769
1088,203310.218069877,261938.48372985297
1089,175090.062515883,141671.97732330378
1090,230841.338626282,214756.5217912613
1091,155225.19006632,94259.35055921965
1092,168322.342441945,160325.99643203785
1093,165956.259265265,154935.27530173367
1094,193956.817564124,154834.03234812626
1095,171070.367893827,129712.9627633924
1096,166285.243628001,175408.82953319207
1097,182875.801346628,119925.59559178208
1098,218108.536769738,173024.9076773673
1099,174378.777632042,112220.75992725352
1100,164731.316372391,162484.09557245334
1101,156969.695083273,67040.12995674378
1102,173388.854342604,117965.59619276374
1103,177559.628685119,133378.35840843595
1104,194297.789279905,148494.82671634856
1105,174894.588364005,110579.37758739735
1106,196544.144075798,334798.7485238558
1107,179036.158528149,180344.99392206638
1108,211423.986511149,261200.7694383673
1109,208156.398935188,173014.8672811945
1110,159233.941347257,289393.2470729786
1111,210820.115134931,183781.8849246217
1112,140196.10979821,195082.65375691545
1113,198678.469082978,124789.5660538893
1114,186818.610760803,132155.90547147367
1115,175044.797633861,117723.6214095791
1116,180031.162892704,311491.47014619876
1117,176889.171525162,195144.03837111496
1118,159638.856165666,132196.58272224126
1119,154287.264375509,131326.76415247453
1120,191885.618181273,129323.40197832372
1121,177503.378612934,109683.13863931326
1122,166548.31684976,221527.34772390313
1123,164475.14942856,88381.14834344246
1124,167484.744857879,109376.90566755726
1125,188683.160555403,162675.31200226952
1126,162243.399502668,110869.20514070947
1127,180807.213919103,191569.891983309
1128,176279.079637039,244982.53780083588
1129,163438.959094218,212700.23019154146
1130,161495.5393685,126314.99406730312
1131,216032.303722443,150770.94641145493
1132,176632.181541401,106990.57844303656
1133,168743.001567144,126436.30101396535
1134,183810.11848086,243572.80249188456
1135,156794.36054728,171853.18148589713
1136,169136.43011395,105931.19837764736
1137,183203.318752456,123395.60209659582
1138,213252.926930889,94473.49203839798
1139,190550.327866959,191056.81958343173
1140,234707.209860273,133464.36443607503
1141,135751.318892816,126725.20847230083
1142,164228.45886894,188250.91636393065
1143,153219.437030419,420703.7975893939
1144,164210.746523801,89389.18618131774
1145,163883.229117973,86351.75646785101
1146,154892.776269956,136887.18473199534
1147,197092.08733832,176603.22806079633
1148,228148.376399122,181170.69136229376
1149,178680.587503997,122833.64609994374
1150,165643.341167808,134779.89605531582
1151,222406.642660249,123827.98590250226
1152,184021.843582599,146281.57422272695
1153,170871.094939159,221784.59774746894
1154,189562.873697309,117403.3514683834
1155,170591.884966356,205297.07688072624
1156,172934.351682851,202663.53883922158
1157,186425.069879189,182747.64974889372
1158,218648.131133006,221174.31062260372
1159,183035.606761141,240577.18393590153
1160,178378.906069427,181476.84145957482
1161,184516.716597846,149730.7986768648
1162,181419.5253183,219430.37757532086
1163,196858.923438425,126769.7525667445
1164,189228.701486278,126647.44431118392
1165,208973.380761028,194971.4817170538
1166,180269.86896412,231066.13186691544
1167,159488.713683953,244727.469900585
1168,191490.299507521,188438.20621288219
1169,228684.245137946,215533.6174286079
1170,201842.998700429,635879.4650223624
1171,209242.82289186,160486.76255987244
1172,202357.62258493,160650.2875330682
1173,168238.61218265,160554.43007003723
1174,202524.12465369,206427.3901203152
1175,170588.771929588,234881.56140613626
1176,198375.31512987,298650.4585409363
1177,170636.827889889,129216.56399566607
1178,181991.079479377,110321.50114649696
1179,183994.54251844,143317.90322886818
1180,182951.482193584,96641.53232963264
1181,174126.297156192,251244.7369876057
1182,170575.496742588,368629.3753256912
1183,175332.239869971,745009.0575021644
1184,167522.061539111,140787.10003861296
1185,168095.583738538,198978.36559085292
1186,154406.415627461,121423.80205192804
1187,170996.973346087,102532.37366267943
1188,159056.890245639,277524.2681895006
1189,181373.6165193,188927.51120737742
1190,152272.560975937,202260.74121826704
1191,168664.346821336,170462.61199703353
1192,211007.008292301,182284.9854167874
1193,182909.515032911,125774.1763228454
1194,203926.829353303,169647.20154262107
1195,179082.825442944,141581.59988706806
1196,206260.099795032,168306.31053163254
1197,181732.443415757,217292.59687611196
1198,189698.740693148,149736.96545055267
1199,203074.34678979,167737.522322496
1200,201670.634365666,141309.23560015231
1201,173756.812589691,105020.49608710068
1202,181387.076390881,199505.70040123802
1203,184859.155270535,136171.36771588324
1204,158313.615666777,213603.5532144513
1205,151951.955409666,151049.0811521934
1206,162537.52704471,259538.76834954193
1207,178998.337067854,112791.72129532203
1208,186732.584943041,190979.2740031352
1209,187323.318406165,140324.96514167284
1210,199437.232798284,289602.42777563067
1211,185546.680858653,190300.2498678597
1212,161595.015798593,179003.953386106
1213,154672.422763036,103261.61090194198
1214,159355.710116165,135744.62806115038
1215,155919.014077746,125727.36430399753
1216,182424.87095604,113845.31979869137
1217,178100.589622319,120943.48069707703
1218,202577.900044456,238995.3421703992
1219,177862.778940605,76157.83771065016
1220,182056.024744887,92911.46585244313
1221,191403.199177104,114657.28368676323
1222,196264.754980043,123501.7859822867
1223,209375.003419718,147905.45298418065
1224,196691.81930173,135194.1847384572
1225,192458.431539585,193691.02790024568
1226,182242.80926507,137158.80101834502
1227,183259.503900506,218258.6798991984
1228,188108.243748841,141436.63823557057
1229,171418.640195797,372747.34579328937
1230,194698.882220432,139017.74441625297
1231,174841.84007522,188002.43232400878
1232,172965.476488899,142883.80792240132
1233,189386.323677132,101633.59384650084
1234,185682.618340257,137941.28999381562
1235,176412.012719061,121428.89500105171
1236,174976.489722867,140724.95251054005
1237,180718.581707643,166421.7664553229
1238,186131.188248242,207615.66189826868
1239,165220.786354033,144896.12196880873
1240,164115.893800435,231664.41863618602
1241,182125.729127024,211236.58673920145
1242,182285.140233276,237801.8424177806
1243,196325.442210366,172448.79156472159
1244,164865.215329881,461355.4506180856
1245,182694.492209823,221287.54798686353
1246,185425.485520958,189188.56646851063
1247,171414.7041191,190905.56696713128
1248,183433.472466085,160058.1285377005
1249,176844.981155794,143469.54361884441
1250,180568.187753206,124330.09903473237
1251,185948.625475832,249446.95333494272
1252,189388.291715481,179809.598449677
1253,142754.489165865,126854.79939987595
1254,156106.800760811,286076.7391069291
1255,155895.397617561,178489.5814693088
1256,159851.977738548,131530.21797960214
1257,185157.832305524,314462.62774167745
1258,180716.291710805,91882.42415062289
1259,176901.093954071,178755.59298974296
1260,181017.222455218,153906.67229011952
1261,183269.159407668,187364.7860695595
1262,193550.830097069,125933.79603413114
1263,170625.842699726,144089.73802722892
1264,182012.405942725,173503.42608871416
1265,179162.507290733,170450.05246586137
1266,183269.159407668,173182.83407176007
1267,180589.836175042,138161.77809164074
1268,181465.935198741,370380.71317843883
1269,196053.029878304,387090.90858714917
1270,183421.020319014,138134.25293567707
1271,167926.839083612,241707.22697390427
1272,168027.530997889,176302.37734669022
1273,182164.26685407,137760.69643895858
1274,172469.071592608,168773.12525109068
1275,181059.374300472,133385.2761628591
1276,182997.570115536,135927.3357945211
1277,166140.504179894,163437.29685641397
1278,198515.546934075,191852.48648179116
1279,193789.648503294,257835.7605421733
1280,173550.025727531,78365.77878529162
1281,176487.943174734,217946.068629437
1282,188813.302559147,188094.8744525604
1283,178531.911979192,150046.83886804525
1284,182145.731469001,138283.8670120253
1285,179196.465024103,179478.9259994018
1286,169618.349900686,127270.56818595094
1287,170010.168655046,157922.55939464006
1288,181739.671652174,190765.45945597673
1289,172846.934955574,261962.3698911123
1290,195560.8830172,271692.2911589016
1291,180358.114292956,166361.47314207602
1292,211817.702818093,117510.91215351743
1293,176170.128686742,105662.14687202948
1294,234492.248263699,177465.48653810684
1295,182450.956536015,120669.41093212712
1296,174902.068073146,138429.43272171146
1297,173684.174293738,148674.07572025593
1298,147196.673677562,153852.6880094933
1299,175231.189709791,553686.7280783687
1300,193417.64740633,165941.57284088884
1301,183313.601249761,227737.73867854688
1302,180882.250849082,169582.86762613428
1303,186735.697979808,300131.2942039007
1304,172922.865411247,224672.96736201295
1305,202551.677190573,141938.62160828515
1306,190485.634074173,318653.1344817839
1307,173439.49362151,197186.22810830586
1308,196613.598849219,136663.9505222781
1309,178152.259700828,141421.97668986613
1310,174519.904825949,174765.0453426902
1311,172627.796932837,323852.15003544895
1312,173732.689486435,205562.1965418653
1313,209219.844787023,309316.2380775955
1314,181059.374300472,327573.88720719947
1315,188515.443002459,120152.72064676623
1316,182164.26685407,188477.35199388463
1317,188137.901597981,290410.6913573401
1318,158893.54306269,203172.2699991829
1319,189579.65066771,271011.7703470436
1320,165229.803505847,111225.53026735949
1321,162186.071220207,157534.8630230606
1322,166374.879866351,82274.15482061697
1323,161665.184974757,208542.4914629688
1324,175079.328798445,81625.64421996023
1325,203840.874021305,199432.99094386963
1326,152129.078861057,58267.54058349497
1327,181012.141380101,86142.70259038912
1328,161305.53503837,136099.5385307137
1329,203326.392972343,244611.0217663352
1330,168385.571141831,187717.07042817102
1331,183564.365159986,239259.8869938058
1332,163784.619440861,126000.53996307057
1333,171989.192193993,116883.10459024849
1334,180839.95616829,125566.06124581255
1335,170895.923185907,122959.91015304458
1336,174071.054808518,162062.19546118012
1337,259423.859147546,138140.05632693533
1338,188000.824679588,54273.551869990515
1339,179171.703565498,220100.24677563313
1340,171022.241447762,126510.73812332464
1341,174126.297156192,113823.9859371098
1342,187625.573271948,159635.16318968165
1343,199567.946369234,254046.091774162
1344,205328.078219268,173616.99088534125
1345,166231.535025379,179954.66854952968
1346,154743.91606057,88190.39549053874
1347,159714.537012622,276653.2534630833
1348,185563.069082422,291420.9044199554
1349,171500.796725006,234254.01843807596
1350,180983.443844799,128304.17244694626
1351,183141.236914997,197306.66838147113
1352,178498.634450214,168416.22517549348
1353,224323.710512388,132608.14189716754
1354,218200.642127877,396793.28919981996
1355,182283.177756557,230360.44013739473
1356,190054.639237419,181541.85630724256
1357,160192.453934518,117197.34161694754
1358,171289.393581756,164742.78207388628
1359,151131.098733642,171160.88952835847
1360,181721.458225594,340947.36515601695
1361,172725.053851858,189708.57677841213
1362,222438.699143414,258511.66439035733
1363,235419.373448928,121355.09975203275
1364,185150.926027596,163424.98147848155
1365,184772.239624699,148417.51904683418
1366,180658.216435809,211040.39195657463
1367,209673.316647174,207739.85828419792
1368,205939.810625621,129707.02677590985
1369,165633.573325837,138496.2158641226
1370,186030.317211014,239020.0850833582
1371,160312.319589212,108865.46548040652
1372,190702.440251029,168348.80306930552
1373,175122.810326699,256650.3593557797
1374,183783.13937519,463250.4841183206
1375,178290.666302221,241953.17779066163
1376,181605.343963015,251253.33142938206
1377,187992.451444752,95570.59407573727
1378,188885.11781517,131761.73139486607
1379,189959.344795118,92395.65254145127
1380,179258.619211334,149189.9509757018
1381,181518.750275669,71180.74118585071
1382,193008.659237315,217207.24566491274
1383,186313.89385619,162385.3246463377
1384,181499.39185067,132650.4827459122
1385,174126.297156192,107217.7832970873
1386,183918.612062767,117102.88034750754
1387,184114.270899227,260028.06413104394
1388,158540.947801398,147272.28708616341
1389,197034.759055859,359591.53798592323
1390,185170.284452595,132264.847522375
1391,221134.533635148,230512.54932366448
1392,184306.637575967,128842.67073573057
1393,199792.302740996,128391.15063720234
1394,143237.803559736,157246.94006753055
1395,177294.838897736,228393.40329917966
1396,182368.620883855,285160.90948748373
1397,176487.943174734,164470.62988910777
1398,183849.408762071,132602.55149029777
1399,184964.141507413,141174.58291147513
1400,196395.969632434,153212.25510722218
1401,188374.936650438,121352.45321666682
1402,176261.296806135,183963.21944137695
1403,163628.142248426,193828.6762076081
1404,180618.032628904,262160.01082323823
1405,161647.329794081,99196.64876602594
1406,167129.598867773,283262.4724976567
1407,174750.988352687,127508.2050634917
1408,177560.202116333,113136.52059945014
1409,192577.796112839,118242.82814803744
1410,199202.898960871,217260.19065216655
1411,182818.156667308,223420.15997563524
1412,148217.262540651,142612.21347870663
1413,188997.797082492,96596.5949729773
1414,185807.928877601,259234.2849360612
1415,177030.477842021,196032.23200426323
1416,175942.474593632,207524.84761366717
1417,172912.518576433,129065.04418843353
1418,198359.248864591,337211.7837934961
1419,184379.133036383,134254.02891340552
1420,194255.566948886,228462.85852133593
1421,209449.651603064,169767.45516030525
1422,169979.323958443,140473.15494546908
1423,188206.281858748,137671.39294210024
1424,186412.438609167,264097.76160759805
1425,196761.386409959,138276.71050569645
1426,208353.269558209,145379.4943545732
1427,166548.067241044,254136.37731098314
1428,175942.474593632,143187.61673859524
1429,166790.457916434,118229.66850441715
1430,160515.850579067,190749.57800773263
1431,192167.621096362,186635.44445970687
1432,178751.551083369,133962.64939804203
1433,198678.894117024,87794.23772136938
1434,164553.120272354,189304.324780608
1435,156887.932862327,164828.3444604814
1436,164185.777305524,177444.7643857194
1437,212992.120630876,117238.74051924648
1438,197468.550532521,385148.1771382332
1439,180106.84373966,149365.3477197558
1440,183972.071056674,186507.24950972595
1441,245283.198337927,188160.81509269867
1442,170351.963410756,141396.54860380696
1443,195596.307707478,323337.7166480515
1444,189369.756330412,115624.26490780376
1445,223667.404551664,187545.1161368664
1446,169335.310624364,124664.76450861098
1447,167411.02835165,158114.7273001264
1448,187709.555003968,264341.0040956695
1449,196526.002998991,108561.84223142704
1450,137402.569855589,90472.1377440577
1451,165086.775061735,133986.2735598417
1452,188506.431412274,268802.2127473244
1453,172917.456816012,135513.06406592907
1454,166274.325225982,117468.80444393502
1455,167081.220948984,184155.456295787
1456,164788.778231138,175029.98960408338
1457,219222.423400059,205782.5318572898
1458,184924.279658997,263958.9472328393
1459,187741.866657478,139238.9390418936
1460,,149687.84285786314
